helpful,review
1,best game ever amaze minecraft addict already level 45 almost game good strategy make bore always play make happy download app immediately sure love win epic battle troop barrack dark barrack watch trailer top tube thank supercell make hay day boom beach especially clash clans coc thank
1,good improvements next update put troop upgrade wall button go process
1,best mobile game listen noobs say farm dead take snip cause snip farm farm raid resources remove snip strategy
1,love love game make use mind creativity plz put update request loot clan castle search want attack random
1,addict issue app switch phone yesterday sign progress fun addict
1,perfect awesome game worth star totally addict nice animations eat less data work even slow internet connection love
1,think clash clans add private message upgrade graphics please
1,good mission game future defense help defense anyone
1,love game good play friend build clan together indonesian like game
1,know coc many update cp full storages update cp delete coc make acc coc update please dont update lsst update christmas season
1,game really cool please make pc version like windows 3d version go awesome please think
1,time killer update barrack nice one barrack ask troop train take much time
1,village wont load log use secondary account try login see primary account time select account connect button keep red without display confirmation screen try install latest note s7edge issue remain two machine spend monies lose village request support game set contact number time get clear answer supercell team
1,know would good suggestion would like easier way collect resources mine elixir collectors maybe button also resources really challenge gather sometimes hard get raid higher rank players go lower rank league farm _ great game get play long time
1,dear team please year old player wait great update could excite spend time upon game upgrade feel like need upgrade stuff also example device like 2gb ram 4gb rom sim provider enable 4g players need use data pack high range 3g workable coc humble request fix issue asap
1,actually game make addict stop play still minor problems like graphics dude 2018 make gta like graphics better troop build time dog make see reach please one thing love game anyone else oh yeah last thing tue cost gems please give lessmexpenses gems
1,make everyone huge amount fun like village citizens businesses like game clash royale similar character though give four star rat time take upgrade fricken take long time take hours second minutes long hours time days still like
1,supercell love clash clans clash royale still love game make suggestion guy add night time mode add new troop build lot troop card clash royale clash clans option choose loot choose clan castle treasury lastly clan battle tournaments think please thank make great game
1,game awesome find phone game half good also agree previous comment build time upgrade part game besides nothing better capitalize someone build important defense example inferno tower wizzie tower xbow ad giant bomb ya hoggin love new upgrade events wish add trooops royale like guard spear goblins fire spirit
1,really like game much think new things new update like use builders one build time would less important one builder bost gold gems keep events small troop spell like giant goblin lightning spell lower players would also fun events enjoy clone apps would attack friendly challenge thank think would awsome change fun play thank
1,really like game much think new things new update like use builders one build time would less important one builder bost gold gems keep events small troop spell like giant goblin lightning spell lower players would also fun events enjoy clone apps would attack friendly challenge thank think would awsome change fun play thank
1,love clash clans best game ever complaints wish clan tournments like clan war tournments clans also night time want village go dark night would cool would cool visit someones base tell wish every 24 hours could spin wheel get like loot trophies gems thx supercell best game ever
1,would really nice guy could add option add one builder single build update could take less time update eg take days update level 10 gold mine level 11 one builder add builder work time would reduce days specially take hell time update things pretty sure everyone play game would love option
1,love game crazy like everything small unsatisfaction regard latest modifications friendly challenge challenge base whole day make modifications usually use check base modify war do use please rectify like way else fully satisfy hope guy make clear issue
1,absolutely love game ive play years meet many great people reason give star ever loose internet connection middle battle thats cant log back right away finish attack pretty much loose ever army deploy even worst war attack love game always add new stuff guy fix guy would awesome
1,dear supercell please make build time little bite shorter people get bore dont know wait either way always make update make ur game excite fun probably add bomber clash royale bandit would cool supercell thank supercell
1,respect supercell team appreciate hard work game really game amaze also fix bug mention review another concern relate game possible see online players clan like green signal indicate player online right red signal player offline please give great update else game awesome word tremendous battle
1,love coc max play game great know ok within hardcore community undeniable go bite stale solid update need freshen everyone endgame players change balance accessible enjoyable majority level really hope shipwreck update come hit spot
1,game nice place 1st kill make hard remove hunt loot cant coop upgrade wall gonna see loot 300k upgrade pf wall 3m per wall see thats prob many player lose fire play kill good game game rule well do
1,tie update new phone nearly impossible probably easier start new account want put account tablet onto phone account phone onto tablet know easier end manage get account onto phone leave account phone live drawer never use know could contact support many options things like link google plus well google play automatic like put detail new device game find start
1,awesome game modifications like able chat friends person take part war allow leave clan atleast join clan return clan let give example guy join clan take donations leave sometime realise member opponent clan thank
1,supercell great job guy big fan coc player multiple account request interest thing previous bigest update friendly battle awesome humbly request friendly clan war concept big friend circle coc players different clans want real fight battle clans think supercell hope interest concept coc ever see thank guy
1,good game whatever guy make like electronic paradise suggestion lot people include never get gems try save take months know balance game could make gem collection easier would great thx redmadster
1,latest update christmas graphics become unclear zoom improvement plan please reduce spell brew time launch another spell factory reduce time upgrade reduce capacity dragon let 15 must able see active isnt still awesome one must able play game even lower compatible devices like gingerbread version
1,love game awesome things would like update first able donate resources gems also able add builders onto peoject order divide time leave also way convert different resources something like resource converter also good anle donatr heroes like donate barb king 15 capacity king die queen could worth 10 space warden 25 lastly way tell long someone offline like clash lord make easier
1,nice game everyone must play let tell may story start play game months back lose phn village dumb sync village google plus lose whole village builders sad download game write supercell guess get village back day guy thank supercel team love quick response
1,fun perfect game addict make easy begin get far let go accomplish also help different type players interact help lot come gameplay well do super cell wait go coc future thing wish different want stuff spend elixir try upgrade wall enough gold meanwhile crap load elixir anything
1,awesome game perfect people like want good game game make strategies base attack base others even make good defence one question would like ask supercell get free unlimited gems without pay money way hardwork app website please please please please tell
1,play game one year maxed xd need see night time village plzz think many card clash royale like see troosps clash clans cool bandit otherness card xd thank good game peace
1,love game would like ask things think would good idea think like storage hold gems like gold mine come like one gem every also wonder think add gold elixer donate feature clan members would love able help clan mat need help upgrade
1,please request play alone game townhall start townhall village become dark graphics every one playin coc please change graphics bildings troop next update please want play game alone lifetime hope read massege answer love coc
1,love game ideas new update think able boost build speed builder huts gems short period maybe two three hours also think add wall town hall 11 always feel like enough whenever edit base layout lastly think new update add better graphics attack
1,awesome gameplay things nicely balance passage time new upgrade want new clan perk add clan level 11 onwards hero must like goblin warrior dragon devil players could also get star probably btw nice work supercell
1,two weeks game quit load want start reinstall connect wifi different wi fi mobile connection still load gain years want work two months still change lucky load week happen supercell use fun game
1,love game play years wish could like special flag field year start play way know difference experience people buy gems would cool could bird fly around new goblin stories decorations like fountains statues also king queen could throne rather block sleep could option move tree stuffb grow field pay every time move also need base slot layouts
1,horrible company money customer care read concern copy paste response send game design fare reward will pay lot money lot good strategy game waste time one
1,love game ive play three years still every day dont like look air defenses graphics great absolutely love inclusion events like players think wall expensive think former elixir able use always new troop defenses spell awesome respect work take implement without bug keep great work coc team
1,honest want clan get big enough start clanwar loose battle cw care well another one read want clan full donation rate peep join youll get basic troop 6star barb archers maybe youre lucky something better join fbia players play game fun life
1,believe game awesome would even cooler offline mode also would make game easier make like gem collector like make gems would say like 200 gems hour upgrade earn upgrade name little big man clash shout clashers hope best plz try idea like dont
1,ya wonderful amaze game everyone want game graphics clear bad also pick graphics best game ever see world game time killer beat friends like things good friends make clan attack enemy go download please join caln clash mania ok bye wait next review
1,awesome game ever play player multiple account want give one suggestion clan leader kick anyone plz make tandridge improve level troop clan lvl
1,think clash clans incredibly well round game get stick find good clan get involve good game strategist especially clan war part would definitely recommend download stick even seem get slow also play years pay play play
1,team game play since last three years love game much want give suggestion update one thing coc mean select town hall give option move whole base move base plzzzzz
1,game wonderful game superb also love control everything personally think troop expend battle make kinda frustrate loose troop everyone build troop fast aside guy great job
1,everyone game devices one best game play mobile device everything perfect love graphics way everything cute aggressive addict one problem though add ways purchase gems instance mobile money would perfect
1,okay mean everything good addict though graphics could better maybe need newer troop royale pure clasher heart also please add israel flag decoration part jewish want put flag promise land clash base originalclash jewishclasher
1,awesome game never think mobile game gonna hook day night months play nine months call self semi pro game love new events system complaints far keep good work supercell
1,awesome game everyone one try atleast one need money everything game awesome
1,think might want fight friends agreement compare whose better try give option many people might like war instead unknown people
1,excellent game play six months still town halls level go wish take long build
1,best game ever make
1,slow events special offer make excite
1,love clash clans favorite app time constantly get better guy never let new update
1,much time gain resources new matchmaking system attack anyone every match opponent way league
1,love game play sound keep randomly go sure would nice get fix though
1,fun clean game reason give star long take weeks upgrade villages weapons take forever fun game spend money
1,fun addictive game play could play day please make upgrade build something cost lot gems thank really good game
1,new update horrible worth play would give star possible
1,still solid app great dev team constant patch fix well frequent additions update great time waster thing hate business model ya
1,love clash clans always game never fail appeal teens much closer many guy grade game war part culture one thing suggest option download replay camera roll thank much
1,fun game level everything become expensive level pay gems turn pay win game
1,play game friends start play want want start reset account clash royal implement yet
1,love game let get way play lot recently get new phone however account sync new phone completely restart account
1,unless spend serious money gems game longer good past year game push use gems never buy gems intend bye supercell
1,game absolutely fun ever play game supercell game great company game play mostly everyone see hopefully continue longer
1,good customer service
1,many top players cheaters hackers 200 successfull attack top players base billion steal gold simply impossible players clearly cheat care multiple top clans players exact base layout copy base third party application dont care cheaters absolutely nothing make clash royal fix match game joke pile shitzel
1,absolutely nothing cheaters refuse answer question delete intentionally program game loose intentionally pick players almost always win base ie max heroes attack base log players plus million steal dark elixir generally cheaters odds find 11 million dark elixir 4000 match absolutely ridiculous two billion gold steal 3200 match absolutely ridiculous absolutely nothing impracticable steal large amount resources simple dont care absolutely nothing send standard response game message refuse specifically respond delete question
1,intentionally want players loose allow players max heroes repeatedly match lower level players win base could program game allow
1,say base allow attack players log long lie multiple players clan stop play month ago yet base still get attack absolutely ridiculous
1,manipulate train absolutely ridiculous appal take three time long train troop barrack troop take 4x long train new train absolutely ridiculous absolute scam
1,load game work idk
1,play log game click biggie right wrong go back everything go contact help support person settings know nothing tell problem never get back days dont download app get addict like get delete disappoint
1,love game attack people online make village game great suggest get
1,could please add event list discount wall like 90 would great
1,extremely time consume game many friends try talk see appeal however start play build armies defenses town begin see appeal constant attack base players encourage strategy new think process keep base get defeat 10 10 definitely keep play
1,need add secret server game fun people school play want fun game get farther game unless spend hours raid add fine would better thank
1,champion league expect three star attack lose 30 trophies maxed 11 get attack 16 trophies opponents huge flaw game need fix also add goblin goblin base de
1,love game since 2012 back buddies would play high school recently download fun 14 year old plus do nice job expand feature keep fresh engage definitive must
1,wise market ploy open eye good game adults kid every sad update since end slowly go hill balance go game play go longer fun enjoyable cheesy eagle defense warden baby drag miner bowler fit slap think fact entire theme ugly squeeze every cent game update new level people spend cash max base nothing balance game continue people stop spend loot cart come dump barrack train one barrack boost 30gems dump barrack need let train spell boost 10 gems many ways profit price reduction wall king queen defense pathetic smack face long time players game play control supercell childish kid girls boys ask fb kik etc exchange picture game go hill turn like game fool keep spend far butt blind crap
1,app worth star game love game much anyone want build tiny city defend real time players download app one problem lack type bug issue every time join game play freeze lag open keep please fix issue
1,one thing sure great game request need another opportunity change name want different name cause mine bad also shorten upgrade cause take long
0,good
0,addictive
1,use play clash clans android transfer account iphone say transfer town hall lvl
1,awesome game game play phone definitely help get day please ever take server
1,bad customer service
1,know go able stop play game
1,years generally good game thing build take little long builder wall unnecessary good
1,must make game less fun limit game play time evil bring end civilization know
1,old matchmaking algorithm good exist randomly match players within league would fine advent farm town hall snip somthing do challenge move league strategically superior better base army anymore instead match base town hall league suppose natural selection aspect match players town halls always could crystal lvl fix much make almost bad snip weak weed higher league fix whole lot
1,addict fun game love strategies involve
0,best app game time
1,good game problem need fix annoy fault get attack often
0,fun play
0,try upgrade plus play really
0,best game ever
1,great game love thing hate build time get higher level like week upgrade something ridiculous
0,good game
0,best
0,great game
1,game fantastic play time check time day collect resources raid hate one thing get lot gold lot time use upgrade elixir collectors use elixir upgrade troop gold mine want upgrade wall gold super high draw lot attention builders use moment extremely infuriate wall take time upgrade literally annoy decision wait possibly lose lot gold elixir much attract someone pay gems speed upgrade usually worth later skip upgrade time almost 500 gems astronomical amount
1,play years really great app buy gems really fun get good base really fun addict game highly suggest look game entertain years
0,everything fine game
0,fun good would play forever
1,clash clans awesome game make app purchase order become good build village pace fantastic balance great overall game however would like see new feature soon game become little repetitive play would awesome huge update like clan war update new hero update back day game would even better right consider get game definitely thank
0,love game addict fun
0,need assistance link coc account android iphone etc say minor problems great game li
1,game fun sometimes difficult remove star long wait way skip pay overall great game
0,delete data want start
1,game great could somebody want people say lot addictive fun thank make game keep clash
0,great
0,2099 greatest game world
0,love
0,fun
0,clash clans forever favorite app
0,boom
0,great game love sound keep go
0,best game ever
0,pretty good
0,good game
0,awesomeness
0,good game
0,horrible update waste time
0,still enjoyable
0,download attack replay
0,fun game play years
0,game need let players reset
0,fun new phone
0,julio
0,amaze
0,ball
0,fun anymore
0,best game app store couldnt better
0,fun
0,good service
1,update terrible hackers riddle game
0,favorite game
0,awful game
0,game great
0,crazy
0,best game play phone
0,like
0,fun
0,keep
0,game open
0,delete whole game
0,best game ever
0,addict fun
0,add event
0,pretty fun game
0,highly addictive
0,best game
0,thank lot
0,great game
0,add secret server
0,trophies
0,great game
0,best ever
0,addict entertain
0,10 10
0,wish could put million star
0,advice uninstall
0,great game
0,amaze
0,awesome
0,hookem
0,best phone game ever
0,amaze
0,great game need
0,soooo good
0,good
0,excellent game
0,wow
0,good game one problem
0,clash clans
0,game
0,disappoint
0,heaven
0,fun
0,events
0,always
0,good game
0,addict
1,bring back old matchmaking algorithm
0,app amaze
0,fun
0,love game
0,best ever
0,good game
0,upgrade go
0,clash clans
0,great game
0,nice
0,best game world
0,dope
0,wall upgrade
0,great app
0,awesome
0,cool game
0,great game change need
0,best game ever
0,much fun
0,annoy
0,best game ever
0,great
0,great game 2099
0,great game
1,even latest update 25 still problem second last update newsfeed still get refresh earlier update j7 facebook home page refresh swipe profile page refresh pull close app reopen time refresh newsfeed page annoy embarrass hate fix earlier
1,latest update still issue able refresh newsfeed without close app would think developers would read review comment fix also need bring make ability make recent default option frustrate comment order people post
1,please stop mess ui add new feature nobody want ask like friend request tab want ability set fee recent instead see post see days already add direct nobody use stupid also news fee load properly time keep refresh unsatisfactory facebook
1,bring top news fee still scroll catch previous update friends disappoint miss stories news fee keep refresh reset back start also fix app issue freeze constantly please
1,issue still persist another update unable move app insufficient space internal space 75 sd card 50gb free space app 348mb space keep get error already try uninstalling instal app still uninstalled messenger fix far months try fix issue
1,fast tablet 3gb ram facebook app get ram hog even run alone stall crash apps facebook come screech halt multiple apps open along facebook please offer strip version happen april 2017 know know hows fix fix ffs
1,120 18 72 mess use close facebook look recent apps screen see suppose facebook icon place facebook icon actually see thumbnail htc one m7 leave panel desktop arrange leave panel center panel home page right panel mess facebook icon show thumbnail leave panel make think facebook take screen shoot phone panel please fix behavior look recent apps see facebook icon screen grab phone desktop send email happy email pic see recent apps screen
1,facebook latest update worst facebook app always blink open kind irritate screen blink wait blink avoid able scroll newsfeed free kindly fix issue immediate response highly appreciate
1,upload artistic photo woman breast nearly expose ban ridiculous even greatest painters paint picture ladies expose breast sham upload sexual photos ridiculous compute system get ban even defend rude
1,really tire default automatically reset top stories crap really never go bring back widget course facebook leave people hate get rid popular think
1,app always crash become dead weight week update newest version repeat reinstall solve problem happen devices crap
1,keep reinstall slow load close self get ridiculous use anything new update please friggin fix problem since person complain
1,app feed notification area keep get worse fire person people think want go back traditional notification fee continual scroll want know people may know go search area ugh
1,facebook many relation break privacy life really addictive worst street drug human nature love boast use
1,facebook listen people want recent default open page listen get head assess comply demand regardless whatever stupid reason concoct think anyone give crap old post
1,problem app open notifications blue open turn white right come blue open turn white without read want know
1,hate new update add update one want get bad almost possible use please fix update want useful thank
1,eat phone memory like crazy sometimes spike even 200 mb ram lag nexus 6p beware app may cause performance issue phone
1,past weeks cannot turn notifications post app htc1a husband issue samsung s6 issue need fix also keep get notification unread message facebook way share things family deactivate delete phone
1,damn app keep freeze everyday time restart whole phone get work
1,better bug fix change browse image facebook like browse image like messenger want post hate browse photos like browse image albums thank advance
1,everytime even turn post notifications still get update regard post thing happen unfollow friend still see get notify share please fix bug asap
1,problem update app say notifications open app notifications log say still notifications
1,every update crap make app run worse app stop work phone update phone brand new phone facebook people whoever update start listen people use app sort
1,last update current update problem face every time close app send home screen apps frenzy make switch another home screen page get annoy lag screen latest update play videos hd everytime touch hd button think press pause play button notifications longer work
1,work last update need fix good news fee friends post load endless spin icon even update 25 feed work facebook fail
1,like app lot options sometimes videos lag bite load correctly watch go bite stay load forever
1,s5 app keep freeze open app load fine kinda flash freeze uninstalled reinstall yesterday 24 17 work fine hour two back freeze
1,new update 26th april still buggy appear grey background crash screen press back exit recent ever refresh
1,samsung galaxy s6 since ur last update cannot refresh top stories recent recent page load use desktop version pls fix
1,smoother use previous update great app automatically reload enter fb app see first persons post reload show news fee please fix
1,good get update ever since sometimes load phone freeze freak phone glitches restart
1,great app one problem consume lot space phone especially phone ram cause phone slow
1,app recent still load hard keep recent anyways one like stupid idea top stories
1,stop push useless feature irate also app auto refresh like crazy way fee suddenly throw top app refresh total frustration star
1,refresh newsfeed scroll like use able refresh screen contact chat etc newsfeed
1,space problem opt delete messenger unfortunately show app delete puzzle please something
1,well happy download app say unfortunately facebook stop plz look day problem
1,every time get freeze stop work new update slow make less reliable
1,marketplace quit show description products say item exist every one tap uninstalled reinstall still thing
1,well happy download app say unfortunately facebook stop plz look day problem
1,every time get freeze stop work new update slow make less reliable
1,marketplace quit show description products say item exist every one tap uninstalled reinstall still thing
1,sir pls try tell facebook update every 10 15 days sir loss many net data
1,facebook best social media platform long ways app work great well include feature need thank
1,app turn junk view anything market place say every item mean every item longer available
1,since update go use sale tab items come click picture everything say item available
1,notifications show probably even read message notifications counter still show unread count remain active applications always
1,good wish feature across board os like apple androids feature samsung galaxy s7 user
1,videos load guy keep add feature simple crap
1,app close soon open even use update even additional update still problem persist
1,one worst app log still use 120 mb memory much memory consume
1,great app keep need update scroll bring top news fee
1,please add new version friends name change notifications come friends please
1,update mess make slower see notifications
1,issue read reply comment section lag smooth annoy try uninstalling clear cache etc still update please help
1,many ads crap fee along option turn pathetic market place crap
1,new update suck press notification suddenly stop respond
1,recent feature update automatically last days
1,see emojis ppl comment even know blank box
1,fb start add many feature become annoy need stop add
1,face problem app report nobody even reply still issue nobody care
1,total crap uninstall reinstall every nothing fix constant update
1,longer post status friends except want block people certain post also many extra apps option keep simple
1,lot feature need add app stop work time
1,latest two update utterly rubbish try use recent thread list work much use cat flap elephant house
1,facebook great app automatic video playback feature really annoy please remove feature
1,facebook give chance increase follower free thankful
1,videos keep freeze close open app stop sound
1,thank new update make account instantly disable guess ghost next 72hrs
1,con app size big ask many permissions suggest save pop frequently pros none
1,hell give release refresh option new update bad
1,want comment letter appear really big
1,login number code say work help please
1,update block use featu day use
1,love work every day least twice respond stop run
1,get notify people post picture irritate
1,able locate response mind
1,keep crash let hope latest update fix black screen death
1,bring back marketplace bore every update marketplace miss useless
1,bring back old version new co bad pnly lag bug
1,stickers longer post please please find fix comment picture allow choose specific album scroll scroll find pic want comment
1,unnecessary things like videos add disturb much
1,notifications display properly always run messenger app chat friends
0,love get touch family friends friends hear years thank facebook
1,really hard add damn camera facebook xperia xz
0,often force close slow sobce last update
1,every often click picture nothing happen lock screen like picture visible
1,app move sd card better storage
0,facebook respond time give
1,disappoint problem days app freeze
1,even update still wont let refresh news fee plz fix
1,since past update view recent fee samsung phone tablet
1,sick bloody update please stop update thank
1,love new videos section update like youtube sub list love
1,market place say products longer exist
1,bug instal new mobile say connect apps work fine
0,crash crash crash moto force newest update
0,hard exit bring apps open
0,restart phone stupid app
0,update app slow load vivo
1,latest update still fix problem recent load
0,app chat ur friends instantly
1,worst app hang every time hate app
0,app awesome many ads
0,every update improvement reliability speed speed since years
0,great app facebook well know app like
0,useful make new friends
0,fix marketplace show would star
0,love facebook friends facebook friends hear high school days
0,keep show days ago post need recent
0,nice social app play store
1,could improve give customizable options settings
0,cannot connect wifi problem
0,great love update
0,slow mobile hang problem
0,like really cool like lot
0,see black profile picture newsfeed
0,love app useful good privacy
0,nice app better old version
0,load recent simply get load screen
0,app need stop freeze
1,facebook get update play video fb please fix
0,good hook world
0,nice app speed slow
0,take much time install download update
0,crash every single minute
0,time slow
0,new update facebook keep crash
0,live video go fix please
0,think good social conscript
0,take lot time install update
0,latest update prevent save pick
0,want videos download option facebook
0,fun convenient sociable
0,facebook awesome keep contact family friends
0,good update
1,hang much last update
0,clear search button work
0,nice apps
0,take lot time download
1,drain battery fast
0,every person introduce new person
0,good
1,horribly unstable constantly freeze
0,good link friends
1,always hang problem
0,new update suck
0,get friends
1,load slowly
0,excellent use really social media
0,sure
0,good reliability speed
0,need market place back
0,good interest app
0,nice app communication
1,good interest app
0,nice app communication
0,nice app
0,love app
0,bad apps
0,live even already update
0,best beside whatsapp
0,play game like jewel candy crush saga addict game
0,update work
0,good app everyone
0,like
0,thank
0,love new update thank app run smooth samsung j1
0,useful
0,duck
0,good nice
0,good apps
0,nice app
0,good app
0,love
0,good
0,privacy need
0,need improvement
0,good message anything else capable
1,bring back recent great actually refresh click actually would nice either newsfeed recent refresh still show stuff 23rd exactly order originally view 26th update today still fix fit purpose fix get someone know
1,news fee update properly
1,keep lag every minutes notification show say facebook respond want close see emojis people comment even know blank box
1,open tap shortcut flash come app store try open problem totally lock go fb instal seem work fine go
0,data saver app want back
1,use love phone reset kick everything log every password reset code send say work nice work
1,close account reason 72 hours precaution tell safety feature need stupid account communicate costumers loose toons money stupid machine design make phone work full capacity s7 edge octa core market show problem see sell fix
1,latest update still issue able refresh newsfeed without close app would think developers would read review comment fix also need bring make ability make recent default option frustrate comment order people post
1,last update good click friends picture go page click view profile get page waste extra step also save friends list alphabetical order save keep personally need like use except put friends alphabetic order already update update waste
1,fb app keep freeze scroll 10 post past days barely anything freeze keep say fb respond try uninstalling reinstall app still keep thing
1,keep get message say facebook respond almost week report update 11 hours ago well guess still screw fix app please consider delete phone
1,force people page group clearly choose see keep come via people may know page group might like even remove tell interest stop force stuff people
1,bring top news fee still scroll catch previous update friends disappoint miss stories news fee keep refresh reset back start also fix app issue freeze constantly please
1,news fee reset switch another app second even read article something fee go back reset way top totally lose place send numerous complaints never get response address awful terrible would give negative star could
1,massive 50 mb update see improvement performance reliability stop lie app get big update add ons slow respond news fee update virtually non existent go back online version sorry
1,fast tablet 3gb ram facebook app get ram hog even run alone stall crash apps facebook come screech halt multiple apps open along facebook please offer strip version happen april 2017 know know hows fix fix ffs
1,freak play videos uninstalled install like time time start work fine later like update glitchy gigs load click time drop call freeze timeline like oh please stop update damn month pick design stay annoy always change
1,account pics would never get facebook worst thing ever make ur phone lock facebook kick get people give code recovery stupidest thing ever trust contact die car accident get make arrangements contact people app web thing suck much
1,think really great every time create update bug fix speed app take longer load every update occasionally bug come mostly though app slow also affect load time apps phone dump ram maybe consider trim app
0,like
1,facebook say every damn update speed reliability 20 update facebook faster reliable hmmmm wonder really update
0,still lot load problems
0,good
1,unable update errors 505 please help
0,well feature app nice facebook app phone
0,application excellent
0,good work mark thumb
0,think beta tester
0,dis wat call fb
1,latest update wow could give negative star would newsfeed auto refresh basically every juncture go article come back refresh click see longer status post go back refresh merely slow scroll randomly refresh auto refresh frequently app borderline unusable
1,facebook always cool could need feature like ig snapchat
0,great
0,good
0,much bullshit
0,facebook great job facebook easy way keep family friends love app let know go world well great guy thumb five star
0,another useless update still refresh feed device seriously
0,ni
1,slow say update speed hight
0,love
0,thank
1,good old version new one lame even allowe see post world
0,idk
1,one star cram people may know top notifications annoy hell absolutely useless also force install separate messenger app want use phone text contact replacement facebook one app phone replacement core function
1,would fix crash 110 time last week block apps
0,nice
0,love
0,best friends forever
0,tell success
0,good job
0,try
1,love app help reconnect old friends reliable indeed except consume lot data within short period time
0,yep facebook good fun
0,ok seem hard connect especially ask live friends
0,good
0,cool app
0,good
0,problem past month cant access even cannot able open
0,love
0,app fine thank
0,coolest app ever love
0,cool
0,change life
0,good
1,thank facebook wonderful application good app connect people suggestion please add functionality swipe leave news fee hide news close button right bottom close news add bookmark functionality post link videos please add options follow people friend like post comment post add friend follow friend post
0,would like guy start make larger update improvements
0,like
0,good
0,nice like
0,easy use
1,dunno already love social media know describe guess say awesome social media go
1,font size increase much
0,pls beta tester app unlock
0,facebook perfect
1,facebook lock account 30th birthday organize birthday party talk family friends live different country say need upload picture prove identity let upload one feed
1,somehow get block live feature block almost month two feel right deserve live feature back block long enough
1,like facebook update app every day grow old last update 26 17 today 17 update 17 update 16 17 update 26 17 update 28 17 really update 17 update 15 17 update 19 17 come update 26 17
0,love
0,love
0,satisfactory
0,great app
0,facebook awesome
0,lick facebook
1,refresh keep post time fee new one need hurry fix
0,nice
0,like
1,screw new update load crap bring back old update side chat new update really suck
0,watch build sign people check build
0,need specially privacy
1,bore update every 2or days update really irritate
0,good
1,old version good new version suck
0,like app nice
0,superb better
1,good application drain battery consume lot space please fix
0,ive always use app amaze 100 percent sure ill never stop use
0,good
0,facebook cool
1,mad many time cut account ask photographic evidence seriously get beyond flame joke reliable way communicate people especially reason action take
0,itx axom contact
0,nice use
0,good
0,good
0,great tool keep contact friends family
0,blah
0,reinstall contact
0,awesome
0,feed much frequent update
0,app overall good think guy bring back thing able check active facebook app say overall good useful app
0,love
0,good
1,happen refresh feature want back story feature still take much room phone screen make small icon please stop mess app
1,recent update useless please update app back month ago actually work use galaxy s6
0,garbage
1,new update remove chat section see online friends first move messenger app
1,huge block print need go would also think update would 100 megabytes hunt wifi connection
1,stop constant update release everything one time like company waste memory also waste data time energy go back messenger back one make since two apps take 15 gigs memory one app accomplish goal
1,sync pop3 account problematic use wifi problem sync folder please try later interestingly actual gmail account sync fine wifi carrier account setup pop3 account tedious attempt verify data point config things far better os build email client available separate gmail
1,latest update put things back normal state thankful mastermind figure issue resolve give app star little apprehensive longevity presently work app thank lot hard work diligence
1,dear team really disappoint recent activities thats happen gmail even disable ad relate notifications keep receive unwanted irritate mail kindly help opt kind ad mail option move gmail communication
1,reason like gmail app push notifications hate use system sync battery hog matter android device use gmail push notifications hard thing believe google leave simple thing
1,ever since update ago longer suggest contact type recipient new email gmail issue add email account yahoo aol longer contact email memorize account spend endless time go old email look one contact click reply order write new email make look like reply specific email every one sync absolutely ridiculous step take order
1,open email since last month get stick load general mail system right good compose letter tap reply start write keyboard pop write anywhere write longer screen length keep scroll start see write also miss able use format ordinary gmail signature
1,unfortunately google really seem miss big picture almost exclusively use mobile devices yet much deny mobile user group email edit folders etc force use alternative
1,support external email pathetic doze email delete reappear email read may refresh unread unread count stop work need ability automatically go next email directly instead back one email access next one search function external email severely limit finally gmail need able ungroup email conversation mode need delete junk draft etc chain email annoy
1,many non stop update gmail need separate unlimited data plan new update buggy program developers remove quantity gmails folders view word gmail want view various folders view quantity number disappear forever programmer fire
1,12 17 stop queue send send 17 stop send two email reply ad top try give coupon pet store 120 miles away kid want try iphone report spam leave spam sit spam clear
1,oh google app actually work like suppose ah cheap phone think sometimes unchecks sync checkbox account need recheck edit use marshmallow phone bad yet edit need open link app still like browser need know link mail
1,latest update basically break program email longer load select google next time proper job regression test release new update
1,hate ads stop work uninstalled good riddance one person say grateful feature like space rubbish guess google way ahead game freebies ooh maybe dumb figure make remarkable unique app work would grateful would send email
1,latest upgrade break app possible type anything inside message body either reply new mail mode type allow destination subject field message header
1,disappoint recent update app browser buggy load page well take note facebook app browser never give problem
1,hard see mail search annoy perhaps know use phone would like friendly mobile interface hard make new label see button new label
1,still html cod signature ask six years https issuetracker google com issue 36929727 sync become inconsistent sometimes manually initiate sync also need account name show top bar easily know account glance please fix
1,update confuse check settings find turn conversation list stop mail group conversations least app like people hate conversations group turn set
1,earlier update mail load issue resolve update however another unique issue creep open mail read choose reply reply options cursor come hence cannot reply mail never see issue happen standards gmail appear complacency else say
1,button undo conversation view work would like see email separately lose many email put string desk top button work fine android please fix
1,biggest thing keep rat app star fact option select email extremely tedious select every single email
1,new update email open show email list click one email open show anything install previous version work perfect please fix use android
1,great app generally work well except use outlook account often delete email outlook account moments later notify email delete often happen multiple time email often go web browser outlook website delete email kinda defeat purpose use app
1,pls incorporate old gmail feature new inbox also need feature foldering email outlook express pls revert
1,better apps email absolutely anger email come main mail nope go spam promo box go hunt
1,slow fast please use encrypt combination 3072bit 4096bit rsa 384bit 512bit sha maximum security message delete server delivery thank fix update
1,numerous spam sex email unsubscribe feature despite numerous complain google nothing get fix total joke 28 spam email hours example
1,fact cannot disable conversation view standard gmail account like full web page would five star app lose count number email miss confusion inconvenience cause email app feel hide email know technically approach mean email easily miss really fit purpose google inbox similarly way group email hide clearly see full web page need see alternative far find one surely since option toggle conversation view browser also implement app without difficulty sadly many
1,every time see update check see fix errors send box still show email mean else go need show recipient long go take correct program error correct nearly email applications
1,pretty good mail client best feature need system check web version would try earlier mislead comment unavoidable conversation view push notifications turn easy control first apps settings second androids settings app pain disable notifications except play store crash one thing complain examine apps help search web answer plain ignorant
1,use gmail app check exchange mail account really fast convenient folders sync smoothly facility send group email need badly
1,app use work well previous version email show quickly well sure fast update google apps future time bug shake
1,use gmail exchange email show last conversation email show send email notification reply display
1,really share much whenever app seem ok awhile later would tell thing wrong need sign app anyone could see apps need remove name sign outgo mail need
1,open view attachments since last two update keep get duplicate email brilliant whatever break two update ago still fix latest update
1,actually like gmail know last update able view email since couple days ago please fix see one issue go back fix
1,find useful get scammed cold callers could basically use hand spinal cord damage spam account deal efficiently account useful productive much easier handle bar ever mount spam count seventy rise unerassable
1,world hat gmail conversation group feature many people say miss see email feature please make option settings feature like imap exchange email etc thank
1,love google finally mark spam outlook thank need better sync outlook keep delete email
1,go give 1star march 2017 update get frustrate decide give google team chance fix everything back normal work perfectly job
1,need delete button regular mail instead delete one time frustrate delete message get hundreds time consume delete one time fix go uninstall get another server
1,app use unnecessary permissions access private personal components unnecessarily excessively email client software app phone handle multiple account good thank google android native service google alphabet server side
1,12 years use 15gb free storage wont need delete message save space longer true despite delete email still close limit great app
1,switch multiple account convenient
1,wish update another google app give useless email cannot zoom word wrap read text
1,checkbox include remove quote text longer option switch back factory default automatically include quote text reply want text reply make reply long please fix issue immediately
1,latest update seem really unstable unreliable app load fully sometimes open mail notification tray widget use app icon mean happen go literally years issue like experience last update
1,thread initial email show see thread conversation moto open email contain reply
1,change specific font color availability right option color choose options lighter darker hue also able change font mobile would pretty useful addition please make
1,please add option select delete email please add select option delete email multi select move folder would greatly appreciate
1,email account set app every one delete amount email close app moments later get notification new unread email ones delete top load time mail drastically lag behind apps hit refresh load show load icon disappear 10 second later mail finally show sometimes show even well organize inbox folders specific email people however even though inbox clean email
1,app okay set press button delete email inbox trash can check box week 99 email delete hand take 15 minutes delete half
1,love gmail wish could access desktop version gmail browser mobile repeat mobile app version even browser need demonstrate group contact non android user account would allow access desktop version gmail
1,good lately try preview attach document picture really really really work even full 4g signal type file size sometimes click bsck try preview time eventually open
1,april 21 17 frustrate wind uninstalling update samsung pro use year old version fix horrible update break app letter capitalization begin sentence way size screen print extremely small half time reply write email allow cursor go subject compose section update work android ffs money market monopoly please fix
1,last update fuck whole app need update work fine email really suppose much
1,notifications email come slow date exchange also get new email part chain old message show notification newly receive one
1,please download entire message notify annoy blank view email initially come
1,annoy dont jesus annoy delete email
1,give star option within app delete message
1,really nice app certain function app like create label
1,everything great gmail except one thing delete unnecessary mail please add something delete unnecessary mail instead one one
1,email push time get notify email get like send email please fix
1,ever since last update get push notifications
1,please add search select bulk delete please
1,gmail truth get better app everyone loss keep good work continue grow develop ways ahead competition verizon sprint first come suck first bill 400 dollars stay gmail nice day
1,years app perfect issue however last two months least half receive email arrive inbox anywhere 12 48 hours actually send time frame confirm time stamp view detail section please repair asap cost great deal receive respond cette email time
1,application need proper style display notifications miss many important mail notify properly upgrade notification bar must able create label receive email keyword app able remind continuously see like alarm snooze hope make major problem users gmail account help see important mail important people wont miss would rate app
1,good except notifications mess work like facebook notifications instagram receive notification new post someone disappear thin air app open one notification way see except last one
1,gmail work recent update find email know send look spam folders either happen good since give products great review since must need app use google vip need gmail offer free storage google come believe many years use gmail barely use free storage worth time use along add space
1,auto sync work compose email always stick outbox queue notification pull check incoming email please insult intelligence everything clear cache check sync gmail update remove account uninstall reboot airplane power save everything everything use android happen yahoo mail love yahoo mail
1,great mail app need advertise spend 800 phone expect see advertise stock email app also please support rich text signatures image signatures days send mobile device excuse go could also dark theme easier eye thank
1,gmail recently remove way contact even though get step cod send phone recovery email email still cannot gain access second gmail way reach warn lose access email anytime process regain
1,please explain world email app need access body sensors flip absurd pop every second tell work right unless google play access every damn thing phone make consider change email providers
1,inbox label show unread email show force stop app restart get work also something seriously wrong sync microsoft account take forever email sync end remove account app
1,glitches spare wonderful app image append footer wont load app use desktop version signature mobile app far annoy glitches app request developers urgently take care get star
1,miss important email app decide give notification say later deadline piss right reason set email phone get notification soon get email days later
1,theme even dark mode ability create edit view rule create calendar events message badge notifications icon bare bone would cease exist think own app platform would result world class app instead meh
1,ffs add animate gifs app even work properly problems notifications huge number users experience completely ignore several months listen feedback users absolutely way contact anyone responsible app sick unaccountability
1,app terrible hotmail tie problem poster delete email come right back delete come right back report email spam come right back log hotmail computer report spam stop come pain ass please something suggest fix
1,delete message yahoo inbox keep appear gmail show new mail unless open app refresh screen keep jump cursor need scroll really inconvenient
1,work fine part one thing bug archive email search example search email contain label inbox try archive message search result find option surprise frustrate basic feature seem present
1,awesome app easy learn first time use really easy use layout simple sophisticate separate email folders able detect spam email archive ur email save forever save upto 15gbs worth email multiple account even non google account think excellent
1,work great work every single time open soon click link email switch another app get unfortunately gmail crash formatter many time uninstall clear phone memory update gmail get message every single time extremely frustrate
1,love gmail google products reason least pixel xl gmail app 100 unusable crash without exaggeration every thirty second least try every fix every forum update app nothing work one help even write full sentence email without get kick infuriate bug ever deal want rip every one hair root please please please fix least star app
1,seem actually delete unwanted mail delete items magically reappear second later gmail giant exercise frustration users feature poor poorly implement extremely cranky use
1,advertise spammed like crazy busy many categories stand garbage mail sell personal info enough send constant advertise try microsoft inbox spam quiet clean multiple account option create new folder line help tell go computer want android
1,mark gmail send email spam gmail responsible send spam message new mail notification alert stop every fresh update app become worse bloat size memory utilization move app external memory card occupy lot scarce space memory mobile phone
1,tire delete email individually get new s8 set app reload 600 email already delete old phone know google could fix easily understand technology make things efficient delete laptops one time complete time waster thank google sure hear plenty listen
1,app evolve good pace still miss basic must feature create group favorite contact simply add contact group name add person one one feature desktop browser gmail interface app please add soon
1,thing like gmail app lack functionality like desktop version example select conversations one one delete app desktop version simply select delete everything one go wait feature years give full five star feature incorporate
1,new layout message get confuse anyone talk loose track email go back straightforward fold last email etc even think email instead reply
1,app great stop send message outgo message would become stick outbox even update app clear data still issue unfortunately cannot recommend app try different app bug fix
1,unstable work constant app restart slow operation sometimes mail go send say queue stay way 10mins note high wifi phone also relatively fast
1,app constantly nag deny permissions want feature get google app slow wifi view email device load new email
1,like find irritate ads continually mark inappropriate personal still appear date credit card point ask dismiss ad take notice otherwise good app
1,main issue app deletion email delete email notification app swipe email never get delete fact get notify new email arrive wait attention use email clients face problem
1,ever since last samsung update galaxy s7 edge longer receive notifications email check settings everything correct sadden important email receive unaware notifications come
1,thing far opinion best mail app platforms however mobile app version suffer one major deficiency delete button simple featuer google implement long ago delete block mail one one unacceptable day age google please fix
1,need work optimize 10 inch screen third party email account work properly delete email magically reappear inbox lot quite disappoint
1,update change star seem full use gmail last update 04 19 seem solve state issue star rat use love gmail app since last update 31 open read 99 email android phone one instance open reply super aggravate spend lot time away computer need ability answer message phone
1,great recently need permission control body sensors make sense nothing complete application function moreover need pop evrytime try send email ask something even dont mention user infringement one type fitness thing
1,new version disable auto sync account either account set auto sync disable option select good could please revert feature also sync email contact phone contact option block please revert feature well day day app get useless
1,receive email unless keep refresh 100 time problem email would come straight send sure work also send email say qued go outbox
1,gmail general hugely lack functionality let alone intuitive functionality simple things like add group contact receive email contact gmail lack sort ability simply copy paste group address contact add absolutely unthinkable cannot get functionality together
1,severe notifications sync issue email notification doesnt go away open read notifications almost never show latest update get worse use good work lately issue still fix latest update
1,every update bring misery spend time tick every item delete nothing happen delete button hit search items ridiculous either locate item could month two ago see message years go star flag expect able see within specific folder time end go online rather use app unfortunately
1,could receive letter send pigeon app load email slow pointless cannot uninstall disappoint begin cover app joke
1,able receive email since last week tie recent update receive email need sort matter urgency
1,best official problem face show process many time data remain send whatsapp send bunch pdf gmail conclude time remain get idea send show send outbox send give information send hope shall understand little bug shall clear
1,new version good except spam folder option top empty spam want scroll check message make sure spam delete scroll back empty folder
1,unable open email send click email direct original email send sure reply email open
1,like anyone else sort mail unless request inconvenience delete one time instead check group delete like apps limit feature time consume
1,weaken security privacy
0,child design
0,way disable remote image
0,need support multi task
0,meet requirements
0,great app
0,best
0,awesome email app
0,love gmail
0,work great iphones
0,daily email app
0,always love gmail
0,great app
0,stand change design
0,new feature confuse
0,great mail client best email service
0,convenient
0,solid
0,excellent
0,gmail ios star app
0,love app
0,gmail awesome
0,star
0,best
0,email
0,nice
0,app awesome
0,work well
0,love
0,great user face nice graphics
0,switch thunderbird
0,amaze email
0,love
0,best best
0,great work
0,love
0,hate new layout
0,best
0,previous versions better
0,great easy
0,amaze
0,user friendly
0,efficient app wanna use china
0,awesome app convenient
0,great app
0,awesome
0,google feed gmail
0,great
0,simple awesome
0,support multiple account
0,love
0,always work
0,great app
0,great
0,happy
0,best
0,awesome
0,primary email past 10 years
0,must gmail users
0,best
0,think pretty great
0,great use
0,love
0,help
0,learn
0,easy peasy
0,excellent app
0,killer
0,great app
0,love
0,nice
0,love
1,love use gmail many productivity options integrate make use email efficient course productive
1,please bring delete button bottom page like apple mail app hard delete email use one hand time try reach top page iphone plus also little space button would great avoid press different button
0,easy use iphone
1,give still minor feature like see perhaps completely use could
1,love ability create soooo many personalize folders connect google apps contact interaction much
1,recommend anyone work google products apps
1,gmail weaken security privacy auto load remote image longer give way turn
1,use honor set disable spammers know tap email begin send spam hack attempt also marketers want know read email know without consent thank new app update
1,back use regular mail app iphone work better gmail least weaken privacy security like gmail
1,new design look like child design unprofessional cartoonish integration corporate logos obnoxious swing miss google
0,google
0,ipad pro hate calendar side side gmail love everything app
0,nothing app email apps great
0,close perfect
0,best mail app planet anything one need something complain
0,way better apples original version organize account email promotions scam etc
0,fast efficient easy app best come
0,everything need
0,easy use navigate
0,use check email google voice
0,love great search
0,wish email group work
0,easy convenient work thy update constantly allow space send bigger file perfect
0,good google service ios
0,email everything
1,user friendly less feature see improvement actually go backwards imho delete email unless open really difficult find control well google best effort
1,still try learn feature app far work okay overly thrill app concern security issue auto open image mention previous comment part lack thrill might due know feature settings continue explore
0,excellent
1,small font size use body copy gmail email app ruin vision try use
1,simple cut paste email content app clipboard unacceptable
1,flag email app follow
1,hell go governance google years since app first publish issue still address really unacceptable yahoo google
1,like use gmail app save time sign every time want check email
1,know apps go change basis strong solid good app email see good email apps besides come phone use something less comfortable like hotmail yahoo
0,thank
1,gmail ios fantastic experience smooth design well easy navigate integrate well ios use native email app iphone since come
0,gmail best mail client
0,love app well organize quick smooth nice design need mail cilent one place
0,love
0,thank make business easier
0,great
0,much better mail application phone
0,great app
0,get mail
0,get email matter
0,work well
0,love chrome gmail
0,gmail user since inception far best
0,love easy use
0,gmail user several years desktop laptop mobile version fine quick full feature
0,switch gmail client thunderbird simply work better responsive things wish work differently sure minor app generally work way expect thank google
0,cant live without
0,love everything
0,gmail best best mail far kudos
0,thank gmail rock
0,every get two notifications one email
1,much graphics enough functionality colorful bits take valuable screen real estate iphone make hard read reply email
0,best email app
1,unless miss ability select multiple email action delete seem anymore make tedious delete unwanted email one one
0,comfortable easy
0,best app ever communicate love best
0,easy use make life easier
1,wanna use google apps china
1,still aol account much easier use gmail older generation gmail frustrate use kid set use work
1,love love everything format reliability
1,great interface love separate spam everything else
1,good read email horrible look respond type email type randomly jump different portion email
0,could use label
0,good app like years use mobile
0,great app fit travel need anytime
1,latest update google screw ability print
0,please fix
0,upset
0,folder save items print access laptop print
0,might well use paper pencil
0,easy convenient sophisticate yet complicate
0,good
0,comfortable use look good
0,get email account centralize one app
0,way better iphone mail app
0,simple nice app use email greatly appreciate thank google
0,work great iphone ios
0,great
0,content gmail
0,best
0,best yet
0,far gmail offer best free email service love spam find separate automatically love edit options really great email service overall
0,like app happy use time
0,great app work perfectly
0,use email
0,love able type letter easy find person try send email attachments easy
0,good email application power user like work really well matter platform open sync across issue
0,get email keep use gmail perfect
0,help keep track google email iphone
0,still lot learn
0,seamless easy use
0,use gmail couple years simply love
1,best mail app period unless need bunch different function work app convert even still get everything do unless need work cms work
1,work like would think feature take little bite figure like hold email select multiple email figure great
1,avid insta user use business account today somehow log business instagram account seem log back change password log via fb etc instagram wont let wont send verify code log please fix bug need business account mend organically small number
1,app great share moments choose want account private world well many cool feature also good share uplift post problem though android phone late update iphone get latest update sooner please fix rate four star fix android problem change five
1,great content something instagram primarily theres herd talented people make stuff kudos foster creative community users three star cause videos constantly get stick play clear cache instal check power save settings reboot dozen time avail laaaaame
1,instagram work anymore phone create instagram account facebook account everything fine update instagram suddenly stop refresh fee say load uninstalled app think would maybe work unable login people find profile anymore could someone help proceed
1,please put photos back order people post least give option settings something please put follow list back alphabetical order show someone follow like someone else comment take lot room follow notifications tab follow list reload back top click profile go back list say support request update click say oops error occur
1,far favorite social network though things hold would love see video playback control wait video finish play watch start rather cumbersome followers list would better alphabetical order better yet different options sort dark theme would also appreciate
1,love use instagram every options worst part instagram guy use apps coin ways increase fake real followers crazily artificially instance girl post one pic toe brush nail get 94676k like followers use useful tag good use tag educational post dont option increase followers legally seem tag arent useful get followers dont instagram stop users add fake followers dont instagram stop people sell instagra
1,everything good change feature admit quite overwhelm bother main concern direct comment actually instagram work well good hours start block comment reply anyone comment post state comment could post due restrictions certain content action protect community yet comment simple harm do hope problem soon fix
1,love app imagine day without instagram please make zoom direct camera stories front flash boomerang please android device thank one thing make front flash take pics back camera rear camera tnx hope see
1,last update app let post videos load bar stucks middle go back forth result failure upload enough load videos account video stories simply never start play matter long wait copy url paste browser order see come mess please fix
1,huge fan instagram run blog one thing really miss old look newer update instagram make ui much like ios android phone look like desperate replication job wish instagram could include dark theme settings make atleast little differentiable ios
1,first update multiple photos single post transition two photograph smooth felt like photograph stiched neither go back forth see two photos bring back update least add option say panorama select option transition smooth
1,need video playback control asap seriously videos start play automatically mute lose sound first second crucial speech videos long wait replay annoy want watch specific part come instagram stop snapchatting whole app miss important basic feature
1,uggghhh amaze app really awesome everything perfect fact post arent proper order time post drive crazy please change put back originally least option people choose thankyou would really helpful happen sure others appreciate
1,good app overall bite disappoint automatically crop image send videos longer 15 second message great find friends picture airplanes things though would crop picture message let send longer videos would awesome much appreciate
1,photos arent able post many time show post matter many time click retry still dsnt get upload resort delete app instal successful upload go back square one cycle begin
1,get incredibly frustrate use late instagram rather long time experience little issue new update every time enter app instagram say load anything random buffer page flash screen make hard close worst update
1,nothing bad get new disappear dm photos option even update app still update manual update point seem every facebook relate app pseudo update cram update whether want
1,always notification box even check go away even try download also update annoy send permanent picture chat anymore mean ones previously save annoy instagram top social media choice since friends relatively easy use
1,good add stories ig 85 time even load still able see actual story regular videos choppy annoy smh update 13 17 many videos load plus many time even upload repost videos use keep music would uninstall ig way many flaw
1,use love instagram still one tiny issue whenever try log say sorry problem request something happen lot people try change password many time still work already email get reply would really appreciate instagram could fix
1,instagram see hop users anyone else problem upload videos try upload 15 50 second videos keep buffer freeze sometimes day message ig course response go month aside also get lock one account log try log back let even confirm code email
1,videos slow upload even 75 mb connection fast upload also speed test confirm videos badly deteriorate quality also sometimes say cannot import video try later never work instagram share bug report nothing ever do bad app android would get star care fix things dont
1,instagram remember facebook share settings remember settings twitter facebook log back facebook instagram configure share page want photo share share annoy almost hourly process share lot instagram social media outlets fix
1,please fix converter engine quality video audio ive upload always turn bad do least dont compress resolution much also please consider make option users choose light dark theme background hurt eye open instagram middle night pretty sure one would nice add pin photos video feature thank lot
1,upon time instagram instagram everybody love one day mark zuckerberg buy instagram decide like facebook get rid time ruin instagram algorithms mark decide steal ideas turn instagram snapchat stop try turn instagram snapchat
1,dont like new follow followers set nice search people scroll open profile anddd back follow section back top scroll open someone profile back happen burdensome really pls make live difficult life
1,ever post video picture story feature well occasional crash update post video kind refuse post see page tell like picture comment say unable refresh everytime uninstalled reinstall 4th time use also send multiple report instagram result answer back report problems app crash worst customer service post use samsung galaxy a5
1,reason kind app instagram site specifically design block normal attempt capture pics ridiculous instagram app also offer capture pic option one star unless idiocy change dumbasses
1,work well android stories videos upload sometimes even wifi give option delete try post story video upload happen switch account do upload get stick account maybe next day decide finish upload
1,love instagram really great app share edit photos live video keep say check connection internet connection excellent something wrong overall great app thx
1,favourite app love watch comedians videos let post videos video always screw addition sometimes instagram stop work time row please let android user privilege iphone users
1,edit follow list isnt accurate list well know ppl kno friends follow similar celebs theyre never list even search follow list also ads gettin outta control high speed wifi still lag everything cuz ads devices also set play sound right away ads sometimes play sound anyway
1,app good site self need work hard find things filter strict could solve rate filter card verify age certify restrictions still look deactivate button get rid older profile want use
1,great content something instagram primarily theres herd talented people make stuff kudos foster creative community users three star cause videos constantly get stick play clear cache instal check power save settings reboot dozen time avail laaaaame
1,get incredibly frustrate use late instagram rather long time experience little issue new update every time enter app instagram say load anything random buffer page flash screen make hard close worst update
1,photos arent able post many time show post matter many time click retry still dsnt get upload resort delete app instal successful upload go back square one cycle begin
1,nothing bad get new disappear dm photos option even update app still update manual update point seem every facebook relate app pseudo update cram update whether want
1,instagreat app best app ive use always think instagram lame first post ive become addict app
1,suck even download anymore reset phone say device compatible yet heck
1,awesome sleek excellent sony xperia upload pics directly contact bbm display picture photo gallery wish could give apps 5stars
1,enjoyable photo social media know join instagram sooner way easier post view quick photos share items drawback mobile app little difficult get use first easily learn
1,perfect show people food kid app really great show important moments life say please return square profile picture circle really cut
1,ehh every change password due unusual activity luckily use work email reset really wish
1,app 10 time better snapchat frm side shuld say app best social media apps change require app shuld remain story feature quite better attract also one feature goodd unsend message last use app 24
1,awesome app connect people around world love
1,please go back tot old way new versions update make app worse post timeline hours hours ago nothing current
1,think random sequence post good idea dig around search recent post ones four days ago top please hurry fix
1,instagram pretty much one best social media apps ads every perfect love
1,videos automatically play sound set turn feature
0,love bro love place get say madselfie
1,get option go back chronological order
1,use ig lot get really frustrate ig things like shadow ban initiatives manage account several businesses really hate see penalize one mobile device attach account instagram suppose community engagement instagram shut exposure buy minimally effective ads overit
1,name instagram drippy thegod nothing loyal social media face log issue daily even use link get back like even want use app smh
1,usually love instagram little problems like message disappear moment log assume something phone usual reinstall app log anything
1,delete app mind new icon basic layout mind see post saw days ago top mind waste time data scroll see recent post change worst thing could do even click see post chronological order like facebook reason keep algorithms moments care first failures want see recent moments rather ones already see guy get majority users prefer reseeing past moments obvious people listen boot door hope door slap head way
1,keep rat people change reason people update try get higher rat
1,still keep rat get chronological back miss see people follow
1,rat see post week ago top delete make chronological dummy listen users
1,reason use get instagram first place see plethora many different photos newsfeed whatever see photos different account base like hate use discovery page turn weird clickbate people seem get lot like picture nothing anything say things like double tap see magic manage stop must already give company
0,gotta love ig
0,addict still best
1,review instagram five years ago love app use frequently today much algorithm change currently see photos photos five days ago feel creeper comment someone old post thousands ig users want able view photos chronological order least option
1,simple app amaze photos
1,really enjoy app super easy interface allow edit share beautiful photos best part app free
1,weird issue freeze attempt zoom things zoom back stay blow leave app come back blow photo cannot get away either power cycle iphone delete app
0,love
0,great app
0,use app
1,good app
1,login account app try say sorry problem request use email log even log email fix login problem
1,like instagram delete redownloaded keep say problem try sign please help
1,man love gram way keep touch hazel
1,keep see photos miss photos would like see afraid like photos change algorithm even please give option opt algorithm
0,account get hack way recover
1,love
1,instagram great app simple fun creative problem sometimes instagram glitches screen freeze
0,love picture mostly instead advertisements
0,keep log account
0,filter caption however like privacy etc perfect app iphone
0,instagram greatest keep date
0,tanx
0,instagram fun get
0,post picture comment like
0,quickly become one favorite platforms love update excite see next thank instagram easy fun platform use
0,wonder whether download wait download easy use
1,best
1,amaze app
0,new algorithm literally worst thing could do please revert back know everyone go stop use like fb
0,ever get dm open push notification stay go away matter hard try download app like time least keep happen besides instagram homie
0,app fine post stop chronological order bad update
0,like instagram
0,howdy love apple cn see nudes
1,please let edit picture post
1,possibly one effective way connect walk life problem ive notice notifications always late real time thats big deal
1,cant log anymore keep say sorry problwm request could yall fix issue today
0,love every update version since 2012 far use favorite app thank guy
0,love app post away find cool picture day
0,fun way socialize weekend lot fun see friends
1,update app stop crash open draft pic edit please fix
1,love instagram honestly amaze use platform anything keep post something want post one account onto completely different one say post second account post first please fix
1,fix explore page new one need go
1,bring back chronological order please
1,love instagram login problem lot ppl so please instagram help now help rate star love app log point
1,would great option besides hand free video well give ability post portraits size would greatest improvement instagram still crop half post probably biggest complaint please add improvements would greatly love appreciate thank
1,see many like post kindly fix issue
0,instagram love could facebook account tweeter account instagram change best
0,love
0,cannot log account app allow log account even login link help
0,intuitive app media dilettante seek build develop disseminate authentic brand appreciate developer willingness assist maintain content originality ballot stuff connectivity adaptability like
1,instagram want verify account send verification code try day get work please address issue soon possible need get back instagram account
1,admit use app awhile come back frame filter go like
1,rat star go top havent able log instagram weeks app keep get error message say sorry problem request please fix asap angry
1,amaze way share craft crochet sharpe crochet cre8tion fb
1,love instagram really one major problem affect much direct message group size total sixteen wish could something like thirty people leave major conversations also could make account create group could remove people group great anyway instagram great app actually addict
1,hate see post weeks ago resent post miss post friends really annoy hop future update decide current algorithm old one love instagram resent update terrible
1,love app disappear photos random upload really annoy love fact could use camera send photo friend use real phone camera send something rather stay need stupid disappear photos plus hate guy put stories plus every time try zoom photo library screen go back fee zoom annoyingly fix
1,hours ago attempt order couple drink hipster bar block away apartment call buzzmill give two chance staff advise leave bar comfortable enough trust id 39 years old believe may may accompany illegal immigrants moron president complicit bar manager buzzmill much enjoy buzzmill past must insist friends longer patronize time
1,unblock person every time try say user find make sense need way unblock person block
1,wifi connect instagram slow glitches shut time take minute picture load help
0,five star best social media application
0,say
0,awesomeness
0,cut picture chat right side see people block comment sometimes follow report
0,little pretty cool app
0,wonderful app
0,great great
1,one problem keep get post notifications late love everything app except get notifications later happen
1,try log account put username password every time would sorry error decide use email log finally work month later get new update let log please fix
1,update still able log love app fix soon go delete
0,good app love download babes
0,lot fun view share photos instagram
0,get many followers literally turn celebrity
0,best app ever come like best friend add like people picture
1,new time line cause like people picture four days ago follow 450 people happen might well write letter send mail totally defeat purpose social media look many one star current version please fix
0,great app need bring back regular photos instead send snap dms
0,love
0,love ig whole heart app rn gross bring back chrono fee old dm style otherwise still love
0,instagram great need tweak better
1,please bring back chronological order need keep add stuff bring back chronological order annoy get post like days ago even see latest post unless go account notification recommendation part eat notification space important bring back chronological order lot people already ask
0,really good app
0,good must improve
0,wish could delete entire thing account
0,app give many interest
0,awesome think app best way keep touch friends also meet random people follow make lot friends good filter thump
0,android instagram live bc instagram live phone update app reset phone nothing
0,awesome
0,easy use love new save feature
0,love game
0,love
0,sure
0,app phone load fee quick enough leave wait several minutes till keep look phoyos videos
0,freakin love
0,amaze arigatou instagram
0,hate
0,amaze way connect friends family totally recommend
0,enjoy app
0,awesome
0,best app ever town
0,like app
0,like app
0,awsm app love
0,every work
0,think good addictive bc delete download bc well live without
0,ight
0,need review one best app social network thank team
0,good
0,love great keep touch friends
0,wonderful app social media
0,like instagram pretty cool
0,love
0,awesome
0,love app
0,addict
0,love app best app ever
0,decent upload view pics
0,love lag epic
0,ayoba
0,good program
0,love
0,awesomme
0,fun app like love boomerang story feature
0,app amaze fulfill promise
0,love instagram much
0,new phone catch blue try get account
0,simply perfect
1,awesome
0,addictive
0,lose account hell guy
0,awsome
0,love share beauty find moments become story even cannot bring time back return past picture people share remind goodness deliciousness life love instagram easy keep track story
0,love
0,space manipulate one profile message
0,ok
0,perfect
0,must hipster wannabe artist
0,camera quality come take selfies great usually upload cut extremists hate group account however love app much edit capabilities
0,best app sometimes slow
0,awesome
0,best app sometimes slow
0,awesome
0,love app great experience meet new friends outside world totally get app
0,disadvantage take much time delete buy time
0,pretty much addict ig
0,good
0,ok gzel
0,good cool stuff
0,good app
0,perfect social web
1,new update make lose account two account connect email active tonight log one log use facebook connection log keep ask email verification enter six digit number send email app keep refresh back log screen try many time stil log account sure enter right code send email please fix
1,think need edit options picture could options pole rod slight stretch want show entire picture landscape extremely tall need options definitely good also possible things time order post hour last post show post cluster post together
1,favourite app except even let log account anymore please fix asap uninstalling instal app number time nothing seem work appear load long time say server error definitely problem connection apps work fine
1,absolutely head heel app allow take time admire work others make even something funny laugh force smile feel like picture get paint mind look artwork also update things like new movies restaurants excedera wish could make studio people go real life create magazines feature quote things love instagram
1,actually really like edit photos glad add save draft option tilt shift finally work galaxy s6 cool option hide previous post make private without delete could shift around pics order
1,think great social app far view photos around globe especially recent ig story addition think easily become topic daily conversations actively social perhaps one upload multiple photos one go photo set different effect instead one haha peace
1,update fee since update last update cause fee display randomly newest first return fix fix crop portrait image would give star crop portrait photos lose either top bottom image totally destroy context sometimes seriously annoy retake photos edit elsewhere display actually want first place landscape show full image portrait though great app
1,heavens sake please stop automatically refresh fee middle person finish read entire fee reach point last leave right extremely irritate read new refresh fee first point last leave provide button refresh fee automatically
1,great odd reason unable upload videos upload halfway drop back half internet connection pretty stable keep instagram date please take time fix guy great job thank bunch
1,really wish way sort fee newest first instead content randomly arrange follow friends keep miss things post becase fee disorganize make really reluctant follow new people know make harder see new image fee almost make follow feature worthless
1,use use ig follow idols instal new phone upload lot videos yesterday delete try post album last night upload also delete pic part album gallery know definitely work cancel upload today record something still upload reinstall app would lose record back gallery yet hours
1,revise rat last week dm people reason cannot anymore ig freezez shut report time help response also hate way fee order fix issue change read back star
1,fee organization horrible either change back newest first give option list feed either popular newest also tilt shift edit function work edit year later none issue fix even address fee still operate chronologically keep see post saw two days ago coachella post week ago know one complain fix
